{"cameraMode":{"drawMode":0,"name":"Shaded","section":"Shading Mode"},"sceneLighting":true,"audioPlay":false,"sceneViewState":{"m_AlwaysRefresh":false,"showFog":true,"showSkybox":true,"showFlares":true,"showImageEffects":true,"showParticleSystems":true,"showVisualEffectGraphs":true,"m_FxEnabled":true},"in2DMode":false,"pivot":{"x":-0.3327455520629883,"y":0.635491132736206,"z":4.901174545288086},"rotation":{"x":0.04025306925177574,"y":-0.10770208388566971,"z":0.004364327061921358,"w":0.9933597445487976},"size":14.542710304260254,"orthographic":false}